hospital_id,total_treatments,nursing_quotient,nursing_count,provider_type_code,bed_count,semi_residential_count,emergency_service_level,has_emergency_service
771003,23479,60.11,363,O,539,52,2,True
771011,13563,55.68,227,O,320,20,2,True
771012,15347,48.69,268,O,300,8,2,True
771015,1422,39.15,40,P,59,10,0,True
771016,21996,46.59,352,P,508,8,2,True
771021,1760,52.03,127,F,146,15,0,True
771028,4763,45.15,79,F,145,0,1,True
771029,8517,52.27,132,O,223,0,1,True
771030,11509,59.81,225,O,318,10,2,True
771031,131,0.0,2,O,0,10,-1,False
771039,15997,39.34,256,F,298,28,2,True
771040,6602,39.91,123,F,182,0,1,True
771041,4115,51.31,89,O,129,10,-1,False
771042,20766,52.26,511,O,574,38,3,True
771043,12621,52.44,196,F,269,13,1,True
771052,3471,50.0,45,O,70,0,1,True
771053,10634,42.01,209,P,223,0,1,True
771054,888,15.38,11,P,48,0,0,True
771056,13835,54.02,608,O,504,0,1,True
771057,25573,48.1,462,F,449,32,2,True
771059,1499,60.89,71,F,124,0,-1,False
771060,752,29.19,8,P,17,0,-1,False
771061,23120,62.11,328,O,401,5,2,True
771062,954,22.61,14,P,30,0,-1,False
771064,4799,35.76,102,O,165,0,1,True
771065,3243,35.53,55,P,75,3,0,True
771069,1046,90.56,47,P,115,0,-1,False
771070,10014,37.1,213,P,240,0,1,True
771071,7633,57.2,145,F,223,0,-1,False
771072,12109,51.2,191,F,245,0,1,True
771073,1183,42.03,33,F,48,0,-1,False
771074,1723,49.95,97,P,53,0,-1,False
771075,271,51.57,84,P,64,0,-1,False
771076,8747,52.24,144,F,234,0,1,True
771077,12726,40.67,239,F,241,0,2,True
771078,10279,55.63,159,O,281,0,1,True
771079,4678,56.82,78,F,160,10,1,True
771080,26329,56.74,641,O,911,31,3,True
771081,1242,36.12,29,P,51,0,-1,False
771082,7237,57.39,66,O,100,40,-1,False
771083,25274,48.6,487,O,465,43,3,True
771084,20653,52.66,358,O,460,52,2,True
771085,26970,49.13,468,O,522,51,2,True
771087,8843,52.89,157,F,260,10,1,True
771088,1577,89.01,68,P,127,0,-1,False
771090,23087,54.81,459,O,540,0,3,True
771091,258,55.24,12,O,25,0,-1,False
771093,7062,48.9,117,O,150,0,1,True
771094,1198,34.0,27,O,50,0,-1,False
771095,19300,47.42,364,P,397,5,3,True
771096,20473,41.41,434,O,500,23,2,True
771098,6365,40.55,112,O,120,0,1,True
771099,1188,61.31,17,O,40,0,-1,False
771100,25330,52.57,499,O,600,0,3,True
771101,26772,60.51,495,O,546,87,3,True
771102,13707,57.24,264,F,339,8,1,True
771103,5947,52.72,66,O,146,0,1,True
771104,3624,59.32,57,P,94,0,1,True
771105,3667,63.49,112,O,196,0,0,True
771106,6951,56.66,117,O,170,0,1,True
771107,5343,53.05,142,O,135,0,1,True
771108,19488,51.36,409,O,530,0,3,True
771109,8445,46.57,114,O,184,0,1,True
771112,2046,81.6,138,F,148,0,-1,False
771113,13293,50.64,225,F,267,0,2,True
771114,1395,74.9,36,F,55,10,-1,False
771115,9975,64.0,171,F,288,0,1,True
771116,4010,68.44,111,F,161,15,1,True
771119,11565,67.31,154,F,224,10,2,True
771123,13625,48.16,303,F,375,0,2,True
771124,18999,58.37,362,P,438,22,3,True
771125,24905,46.1,748,P,810,12,2,True
771127,7578,54.49,145,F,117,15,3,True
771128,195,61.36,21,F,14,0,-1,False
771129,21928,51.98,381,O,501,0,3,True
771132,509,0.0,4,P,0,60,-1,False
771136,14098,40.34,570,P,440,10,1,True
771138,8674,59.99,138,P,234,15,1,True
771139,8920,41.21,273,P,310,10,1,True
771144,17654,44.66,305,F,325,0,2,True
771145,2412,48.05,53,O,79,0,-1,False
771150,2465,30.1,25,P,44,0,-1,False
771151,12759,53.53,227,O,294,12,1,True
771152,1853,49.8,30,O,48,0,-1,False
771153,164,42.52,35,O,20,0,-1,False
771157,11317,54.08,205,O,326,4,1,True
771160,4785,60.03,88,P,106,0,1,True
771161,228,0.0,3,O,0,5,-1,False
771162,12535,74.9,276,O,419,3,1,True
771166,5817,49.16,161,F,205,0,1,True
771167,19361,59.59,284,F,420,0,2,True
771168,5543,50.16,110,O,166,0,1,True
771172,3478,63.92,63,O,101,0,1,True
771173,5969,48.44,102,O,153,7,-1,False
771174,7837,61.99,129,O,220,0,1,True
771175,66698,47.78,1445,O,1172,84,3,True
771176,25421,52.62,447,O,465,6,2,True
771177,28588,57.29,399,F,574,17,2,True
771178,342,0.0,4,F,0,27,-1,False
771179,18164,49.19,284,O,410,0,2,True
771181,1088,37.73,66,F,53,0,-1,False
771182,2798,48.98,92,F,172,0,-1,False
771183,14397,63.74,205,F,325,0,1,True
771184,28626,66.78,382,O,607,1,2,True
771186,7858,58.85,127,O,188,0,1,True
771187,7692,52.51,121,O,166,0,1,True
771189,1301,37.2,34,P,40,0,0,True
771190,3974,45.6,109,P,75,0,1,True
771191,18770,49.99,314,F,343,0,2,True
771192,8108,52.5,144,F,198,0,1,True
771193,2506,68.69,69,F,93,12,-1,False
771197,12165,48.07,243,F,303,27,1,True
771199,9016,56.84,147,P,210,0,1,True
771200,12510,50.73,251,P,303,0,2,True
771201,17741,54.72,296,F,382,10,2,True
771204,1119,37.75,80,F,101,0,-1,False
771209,4530,53.58,83,F,131,0,1,True
771217,10982,49.25,255,O,244,0,-1,False
771218,2555,46.04,51,P,55,0,1,True
771219,14375,52.62,228,F,407,0,1,True
771220,9122,42.14,190,F,235,0,2,True
771221,5220,53.2,149,F,163,4,1,True
771222,23918,50.93,440,O,351,12,3,True
771223,10771,55.29,160,O,154,0,2,True
771224,398,51.45,17,O,18,0,-1,False
771225,2630,57.03,33,O,43,0,-1,False
771226,16702,65.37,226,F,388,0,2,True
771230,2246,39.08,42,O,78,0,-1,False
771235,11789,52.15,197,O,274,1,1,True
771236,7755,42.74,119,O,128,0,1,True
771237,18086,56.23,396,F,438,0,3,True
771238,10386,55.78,138,F,195,0,1,True
771239,12845,63.43,257,F,400,12,1,True
771240,20664,57.12,284,F,420,0,2,True
771241,3986,53.27,152,F,200,0,-1,False
771242,9702,40.9,143,F,238,0,1,True
771243,10667,41.69,134,F,166,0,1,True
771245,13952,51.71,224,O,280,0,1,True
771246,9427,58.17,139,O,225,0,1,True
771247,7578,60.59,133,F,183,0,1,True
771248,10119,49.1,147,O,242,0,1,True
771249,1893,33.68,30,P,38,0,-1,False
771251,11091,46.92,288,F,406,0,2,True
771252,5226,39.19,99,F,155,0,-1,False
771253,6079,54.41,176,F,218,0,1,True
771254,21965,44.22,450,F,459,0,3,True
771256,1467,18.59,12,P,22,0,-1,False
771257,1342,47.2,45,O,45,0,1,True
771258,7230,50.64,154,F,310,0,1,True
771259,19237,77.49,266,P,400,16,-1,False
771261,44870,55.31,1107,O,1075,21,3,True
771262,15572,58.86,210,F,364,0,1,True
771263,5417,54.08,108,F,80,5,2,True
771264,4906,71.5,73,F,111,0,1,True
771265,10764,55.49,177,F,278,0,2,True
771266,8368,69.44,101,O,200,0,1,True
771267,4248,54.34,136,O,183,0,1,True
771268,545,53.07,58,F,42,0,0,True
771269,13878,57.85,196,O,256,0,2,True
771284,12004,49.35,188,F,285,0,2,True
771285,2062,42.96,66,F,112,0,0,True
771286,18828,49.74,356,F,450,0,2,True
771288,11123,55.87,230,F,318,10,1,True
771294,6049,44.7,116,F,159,0,1,True
771296,1599,31.72,40,O,32,0,1,True
771297,1224,54.75,23,O,33,0,-1,False
771298,10828,56.08,154,P,293,0,1,True
771299,12234,52.83,169,F,266,0,1,True
771300,19580,62.41,288,F,402,15,2,True
771301,20894,52.39,365,F,533,18,2,True
771303,7578,40.79,289,P,194,0,1,True
771304,7075,36.84,137,P,171,0,1,True
771306,12493,52.14,256,F,301,0,2,True
771307,1151,56.41,57,F,74,0,-1,False
771308,12250,61.92,160,O,263,0,1,True
771309,3446,57.4,79,O,115,0,1,True
771310,3341,44.01,56,F,105,0,-1,False
771311,8185,46.55,173,F,198,0,1,True
771312,1288,55.63,51,F,76,0,-1,False
771313,16674,56.01,341,O,434,6,2,True
771314,18447,48.36,264,O,335,0,1,True
771315,9997,70.78,139,O,239,0,1,True
771316,7993,58.87,142,O,199,0,1,True
771317,8311,52.76,144,O,227,0,1,True
771318,7353,49.98,101,O,150,0,1,True
771320,11409,44.31,321,F,340,30,1,True
771321,0,0.0,1,F,0,15,-1,False
771322,950,85.98,11,P,42,0,-1,False
771328,6837,56.06,128,P,165,6,-1,False
771338,5490,58.73,114,F,208,0,1,True
771339,4898,51.53,77,F,95,0,1,True
771340,15989,44.63,235,P,344,40,2,True
771341,1870,62.72,84,F,97,13,-1,False
771342,10728,45.99,224,F,248,0,2,True
771343,18636,54.48,292,F,366,0,2,True
771347,9130,44.43,153,F,182,0,1,True
771348,7212,54.42,123,F,221,7,1,True
771351,4042,30.55,70,O,100,0,-1,False
771354,4805,51.3,171,O,189,0,-1,False
771355,14245,44.76,251,O,303,6,1,True
771356,16,0.0,0,O,0,0,2,True
771357,8285,58.89,114,O,194,0,1,True
771358,7592,37.83,137,P,233,0,0,True
771359,664,24.33,11,O,17,0,2,True
771360,1022,64.14,232,P,183,0,0,True
771362,35234,48.44,629,O,631,13,3,True
771364,6875,52.65,105,O,128,0,1,True
771367,1203,53.93,18,O,32,0,1,True
771369,2181,68.24,24,O,41,0,-1,False
771373,1364,21.4,21,P,40,0,-1,False
771374,40806,49.37,865,O,933,77,2,True
771375,37798,54.01,925,O,915,20,3,True
771376,1717,63.37,47,F,91,0,-1,False
771378,19947,42.91,389,O,397,18,3,True
771379,6085,57.13,85,P,118,0,1,True
771382,7038,51.68,112,O,147,0,1,True
771388,15189,52.78,248,O,328,6,2,True
771389,5814,38.28,151,P,175,5,1,True
771392,54318,49.36,1339,O,1294,49,3,True
771393,12337,46.56,286,F,290,0,2,True
771395,18691,50.84,405,F,578,18,3,True
771396,8146,51.48,140,F,241,0,0,True
771397,6409,55.15,121,O,181,4,1,True
771398,12198,41.95,260,F,316,0,1,True
771399,2067,55.08,85,F,105,13,-1,False
771402,34057,44.02,1006,O,844,52,3,True
771411,6668,62.32,85,F,165,0,1,True
771413,74,16.7,4,F,11,0,-1,False
771415,14338,40.36,329,O,323,0,3,True
771416,11626,60.03,171,O,303,0,2,True
771417,24508,63.55,314,F,447,0,2,True
771418,398,49.18,73,O,50,0,-1,False
771419,5587,35.07,114,P,147,0,1,True
771420,35313,45.8,752,O,858,0,3,True
771421,627,52.68,22,O,22,0,-1,False
771424,14703,54.38,304,O,331,6,1,True
771427,1671,44.81,63,O,48,5,1,True
771429,13244,46.4,249,O,275,10,2,True
771430,13216,43.36,172,F,222,0,1,True
771431,1433,69.65,46,O,93,3,-1,False
771432,11689,40.14,120,F,146,0,1,True
771433,2412,33.84,17,P,20,40,-1,False
771435,3087,47.9,59,O,81,0,-1,False
771436,23000,56.66,433,P,436,48,3,True
771437,133,0.0,1,P,0,8,0,True
771443,1086,61.54,44,F,87,0,-1,False
771446,7353,47.29,191,P,231,0,-1,False
771447,2013,31.91,44,P,51,0,-1,False
771450,37377,50.33,1157,O,977,13,3,True
771451,6102,63.97,99,F,185,0,1,True
771452,10314,53.45,164,F,230,0,2,True
771453,18099,42.79,266,F,273,6,1,True
771454,716,32.3,10,F,12,0,-1,False
771455,376,56.8,32,F,45,0,-1,False
771457,3684,50.36,66,P,90,0,1,True
771462,610,75.69,18,P,44,0,-1,False
771463,32143,52.56,489,F,684,10,2,True
771467,8207,50.42,150,P,206,0,1,True
771469,16686,55.47,235,O,277,0,2,True
771470,16758,60.36,257,O,321,0,2,True
771472,3626,42.19,73,O,122,0,1,True
771473,16432,53.3,247,P,282,0,2,True
771474,7479,46.78,152,P,317,0,-1,False
771492,7134,48.37,199,P,215,0,1,True
771493,12375,41.13,188,F,266,0,1,True
771495,5026,46.18,356,F,468,0,2,True
771496,5124,41.48,61,P,117,0,-1,False
771497,13680,57.35,175,O,261,22,1,True
771498,3215,44.37,93,O,151,0,-1,False
771499,9793,44.5,190,O,206,0,2,True
771503,26706,56.56,373,O,500,0,3,True
771507,17810,53.34,360,F,399,0,2,True
771508,17564,49.17,295,O,340,10,3,True
771510,6933,64.76,97,F,186,0,1,True
771511,21926,54.11,394,O,472,5,3,True
771514,2147,61.81,83,O,92,0,1,True
771516,7550,47.66,136,O,215,0,1,True
771517,7927,62.2,142,O,267,0,1,True
771519,56071,51.91,1421,O,1384,59,3,True
771520,5213,57.69,58,F,141,0,0,True
771521,12484,54.87,299,P,275,0,1,True
771524,9473,46.3,161,F,220,0,2,True
771525,4708,44.62,84,P,150,0,1,True
771526,1870,74.4,32,P,87,0,1,True
771527,13841,42.97,303,F,338,8,1,True
771528,15153,52.41,248,O,316,0,2,True
771529,27779,55.68,504,O,631,22,3,True
771534,9284,49.99,164,O,226,5,1,True
771535,15221,58.89,242,P,401,0,2,True
771536,442,62.12,76,P,56,0,-1,False
771537,22320,46.77,415,P,561,8,3,True
771543,7751,41.1,125,P,209,0,1,True
771544,3642,51.31,50,O,95,0,1,True
771546,2665,47.07,17,F,40,0,-1,False
771547,2355,55.41,83,F,67,0,0,True
771548,22197,45.88,399,P,551,0,2,True
771549,5045,50.4,123,P,206,30,1,True
771550,10350,54.09,187,F,272,0,1,True
771551,6477,38.06,159,O,175,10,1,True
771552,9287,53.59,151,O,272,0,1,True
771553,5624,50.13,128,O,172,0,1,True
771554,8076,30.98,255,O,223,0,1,True
771555,27024,60.76,613,F,668,17,2,True
771556,1514,59.54,54,P,82,0,-1,False
771557,5836,44.41,84,F,116,0,1,True
771558,14441,47.11,267,F,319,0,1,True
771559,8394,50.36,139,F,165,0,1,True
771560,1628,73.76,33,P,100,0,-1,False
771561,14726,45.92,227,F,334,36,1,True
771562,16588,68.79,333,F,492,0,2,True
771563,8550,65.09,160,F,243,34,1,True
771565,24531,47.11,481,O,515,0,3,True
771567,7362,58.85,189,F,206,15,1,True
771568,1704,45.08,131,F,121,0,-1,False
771569,10348,44.75,211,O,279,0,1,True
771570,1689,65.61,27,O,36,0,1,True
771573,5448,47.74,102,F,140,0,1,True
771574,20206,59.3,300,F,409,0,2,True
771575,5531,53.85,129,O,160,0,1,True
771576,5547,51.37,108,O,124,0,1,True
771577,6749,51.96,100,O,114,0,1,True
771578,13644,44.9,230,P,267,0,1,True
771580,22220,65.24,350,F,498,0,3,True
771581,6803,58.01,93,F,182,0,1,True
771582,7597,57.66,129,F,167,0,1,True
771583,28085,57.17,415,F,486,0,2,True
771585,13428,43.54,259,P,365,0,2,True
771587,5129,45.08,85,O,126,0,1,True
771588,5974,38.07,114,O,130,0,1,True
771589,4493,53.96,88,O,233,0,-1,False
771591,7900,48.83,168,P,275,11,1,True
771597,45595,49.8,875,F,905,7,3,True
771598,3840,62.68,72,P,114,0,1,True
771599,3425,50.02,106,P,137,8,1,True
771600,6981,51.91,110,P,169,6,1,True
771601,23044,54.91,494,F,551,0,2,True
771604,8156,50.94,286,F,232,0,2,True
771605,9806,43.14,175,F,202,0,1,True
771606,8856,69.89,64,P,0,0,1,True
771608,9381,49.01,149,F,221,0,1,True
771610,9880,53.28,136,O,211,0,1,True
771615,17457,62.91,234,F,369,34,1,True
771617,2197,49.03,37,F,40,0,-1,False
771618,5867,48.01,132,F,186,24,1,True
771619,4643,44.67,63,F,112,0,1,True
771620,7208,49.9,154,F,259,0,1,True
771621,61333,48.02,1374,O,1354,42,3,True
771622,1234,61.38,112,F,106,0,0,True
771623,502,58.29,8,F,25,0,0,True
771624,17942,55.01,281,P,352,0,2,True
771625,1416,48.36,31,F,46,0,-1,False
771632,20793,43.92,474,P,631,16,3,True
771636,1393,34.27,43,F,90,0,-1,False
771637,21163,58.03,399,F,514,10,2,True
771638,3317,36.41,113,O,92,0,3,True
771639,9161,50.84,224,F,167,0,2,True
771640,7519,59.53,151,F,218,0,1,True
771641,8666,63.52,152,F,216,0,1,True
771642,10529,64.99,126,F,226,0,0,True
771643,9499,64.63,164,F,291,0,0,True
771644,207,83.64,37,P,56,0,-1,False
771645,817,46.06,206,P,133,0,-1,False
771647,10910,53.84,176,F,259,0,2,True
771648,26973,54.83,445,O,525,0,3,True
771651,730,32.65,9,P,13,0,-1,False
771652,7611,37.47,182,O,258,0,1,True
771653,11573,49.24,144,F,175,0,1,True
771654,2028,70.75,28,O,45,5,1,True
771656,1140,47.62,71,F,91,0,-1,False
771657,26133,59.01,369,F,530,0,2,True
771658,21527,47.71,409,F,454,0,2,True
771661,9761,48.54,169,O,244,0,2,True
771662,7788,56.42,110,O,187,0,1,True
771663,5746,39.34,123,P,167,0,1,True
771664,5701,44.4,103,O,135,0,1,True
771665,4179,44.28,78,O,135,0,1,True
771666,2618,34.94,60,O,80,0,1,True
771667,8179,48.28,154,O,172,0,1,True
771668,8620,53.76,116,F,127,15,2,True
771670,289,79.21,36,F,19,0,-1,False
771671,147,54.6,5,F,4,0,-1,False
771672,124,37.45,1,F,3,0,-1,False
771675,1254,46.11,33,F,49,0,-1,False
771676,7608,48.37,361,F,273,8,1,True
771677,3718,45.71,150,F,229,20,1,True
771678,9263,59.96,339,O,444,0,2,True
771679,22886,54.36,403,F,439,10,2,True
771680,6315,62.33,129,F,233,0,2,True
771682,9512,54.91,97,P,133,0,0,True
771683,3754,44.82,118,P,89,0,1,True
771684,1749,47.7,19,F,64,0,1,True
771685,692,37.96,34,P,35,0,0,True
771686,17369,54.05,335,P,435,6,2,True
771693,29558,58.54,525,O,696,0,3,True
771694,4969,52.86,83,O,143,0,1,True
771695,17051,50.83,281,O,392,0,2,True
771696,15044,57.56,299,F,370,0,2,True
771697,2537,47.44,78,F,84,0,-1,False
771698,14069,59.38,201,F,266,0,2,True
771699,14619,48.89,230,F,316,0,1,True
771700,64169,53.3,1617,O,1297,115,3,True
771701,25099,50.27,518,O,718,0,3,True
771702,6706,31.62,95,P,105,0,0,True
771703,14209,43.13,373,F,405,0,2,True
771712,4708,34.78,99,O,0,0,1,True
771713,10079,39.86,192,O,0,0,1,True
771715,7148,38.7,178,F,121,0,2,True
771716,6956,46.71,122,F,182,0,1,True
771717,2713,54.78,249,P,267,0,1,True
771718,24170,53.27,466,O,531,6,3,True
771719,11366,58.95,176,O,269,0,1,True
771720,1344,41.6,26,O,44,0,-1,False
771721,5467,66.22,82,O,129,0,1,True
771722,29489,62.52,432,O,547,2,3,True
771723,12952,52.83,258,P,229,0,2,True
771725,9997,64.79,148,O,247,0,1,True
771726,2420,37.1,46,O,60,0,-1,False
771727,6177,62.24,62,P,127,0,1,True
771728,14782,52.17,323,O,382,12,2,True
771729,1512,30.17,33,F,50,0,-1,False
771730,9925,53.84,101,F,188,0,1,True
771734,29605,50.41,554,O,417,70,3,True
771736,48346,61.34,1190,O,1050,55,3,True
771737,4141,59.81,77,O,143,0,1,True
771738,6293,56.18,111,O,162,0,1,True
771739,3144,65.71,101,F,149,25,0,True
771746,647,54.57,108,O,105,0,-1,False
771748,8837,58.65,107,O,181,0,1,True
771749,6412,66.54,74,O,133,0,1,True
771750,1210,53.65,26,O,61,0,-1,False
771757,5316,55.4,92,O,142,0,1,True
771758,8920,35.54,204,O,241,0,2,True
771759,4491,44.48,193,O,249,5,1,True
771764,9906,65.33,137,F,205,0,1,True
771765,1851,37.54,28,F,72,0,-1,False
771766,31518,58.74,515,O,607,0,0,True
771767,19339,49.54,271,F,354,0,2,True
771768,845,53.9,24,O,46,0,-1,False
771769,15046,46.77,264,F,328,0,1,True
771770,6880,42.29,98,P,156,0,1,True
771778,2063,52.64,60,F,90,0,-1,False
771779,6345,43.7,79,F,140,0,-1,False
771780,7985,59.62,150,F,223,24,-1,False
771783,12507,54.7,153,F,216,0,1,True
771784,3581,60.9,74,F,94,5,1,True
771785,4613,28.39,53,P,60,0,-1,False
771789,1381,69.42,23,F,45,0,1,True
771790,1904,57.99,48,P,58,0,-1,False
771792,5546,48.08,91,O,114,0,1,True
771793,5033,64.23,136,F,199,15,-1,False
771801,11518,38.6,190,F,297,0,1,True
771802,28187,42.16,581,F,716,0,2,True
771803,6718,34.45,207,O,180,0,1,True
771804,6624,68.75,126,F,274,0,1,True
771805,19339,45.26,341,F,442,0,1,True
771807,36814,48.43,694,O,894,14,3,True
771808,11336,39.02,200,F,279,0,1,True
771809,4106,57.51,97,F,122,10,-1,False
771810,3028,44.59,39,F,52,0,1,True
771811,1771,34.55,14,P,22,0,-1,False
771812,6544,57.31,181,F,208,0,2,True
771813,19956,59.28,241,F,369,10,2,True
771814,3525,44.75,54,F,102,0,-1,False
771818,13871,46.52,235,P,319,10,2,True
771819,3029,47.99,56,P,123,0,1,True
771820,6290,56.35,90,P,151,0,1,True
771821,455,38.61,11,F,30,0,-1,False
771825,3993,32.27,63,P,95,0,0,True
771827,12792,55.22,195,F,297,0,1,True
771830,2507,55.3,30,P,54,0,1,True
771831,11929,50.38,247,O,308,5,1,True
771833,27090,52.51,439,O,634,2,2,True
771834,3116,52.54,52,O,122,0,1,True
771835,44941,50.06,876,P,1073,2,3,True
771836,6639,62.14,106,O,178,0,1,True
771837,4054,75.54,56,O,144,0,1,True
771839,23351,43.99,505,P,629,0,3,True
771840,7422,56.11,119,F,165,0,1,True
771841,5031,65.36,164,P,204,0,1,True
771842,17137,62.5,267,F,387,0,3,True
771843,18351,55.59,319,P,0,0,3,True
771847,3063,45.5,58,O,124,0,1,True
771848,17493,51.52,262,O,472,0,2,True
771849,4879,49.74,59,P,135,0,1,True
771850,12012,71.34,123,F,214,0,1,True
771851,17851,54.18,278,F,352,0,1,True
771852,5545,72.3,101,F,164,0,1,True
771854,17857,51.4,266,F,407,0,2,True
771855,2570,47.66,72,F,135,0,-1,False
771856,2597,48.29,64,P,125,0,1,True
771860,4027,37.09,74,F,112,15,-1,False
771861,7719,53.98,160,O,245,2,1,True
771862,11409,53.75,187,O,254,0,2,True
771872,4146,49.04,73,F,110,0,-1,False
771873,4662,69.41,66,F,113,0,1,True
771874,968,75.43,37,P,75,0,-1,False
771875,486,51.15,106,P,75,0,-1,False
771876,21620,52.96,409,O,577,12,3,True
771877,1067,49.95,48,O,116,0,-1,False
771878,10478,46.97,181,O,261,0,1,True
771887,5583,44.15,129,F,203,15,1,True
771888,13183,42.73,276,P,319,0,2,True
771889,18883,54.59,341,F,476,10,2,True
771890,3866,59.07,53,F,110,0,1,True
771891,17232,43.7,284,F,316,0,2,True
771892,9246,59.83,181,F,237,20,1,True
771893,9380,48.27,196,F,211,0,1,True
771896,3480,33.44,70,O,100,0,-1,False
771897,8867,52.3,199,O,303,0,2,True
771899,7705,58.23,198,O,268,0,2,True
771900,6595,41.78,127,F,260,0,-1,False
771901,7962,45.45,251,P,229,0,1,True
771902,852,77.01,175,P,154,0,-1,False
771903,18141,61.52,341,F,503,0,2,True
771904,6832,40.61,112,F,164,0,1,True
771905,5743,63.8,98,F,152,0,1,True
771906,5044,53.68,75,F,118,0,1,True
771907,3239,52.33,169,F,158,40,-1,False
771908,1922,58.01,75,F,99,20,-1,False
771909,905,41.26,7,P,15,0,-1,False
771910,6828,56.26,100,P,110,0,1,True
771911,1913,62.4,66,P,65,0,0,True
771912,2290,52.59,59,P,120,0,-1,False
771913,1518,36.93,18,P,16,0,-1,False
771915,19667,40.09,414,F,448,15,2,True
771916,713,54.41,32,F,51,0,-1,False
771917,23387,45.53,451,P,426,33,2,True
771918,6686,35.49,161,F,185,0,1,True
771919,1544,145.69,31,P,120,0,-1,False
771920,364,55.01,16,P,25,0,-1,False
771921,344,36.44,11,P,20,0,-1,False
771922,3619,31.38,64,F,67,0,-1,False
771923,19423,58.88,586,O,521,0,3,True
771924,19911,50.0,352,F,429,16,2,True
771930,28452,59.13,565,O,640,21,3,True
771933,3966,66.91,74,O,143,0,1,True
771934,4365,54.73,59,O,95,0,1,True
771935,5299,64.25,91,F,190,0,1,True
771936,30941,48.26,746,O,631,40,2,True
771937,10783,61.62,150,F,228,0,1,True
771938,11157,57.33,191,F,245,5,1,True
771939,17416,54.57,284,F,503,0,2,True
771941,22738,53.95,437,F,699,3,3,True
771942,15674,60.05,349,P,472,6,2,True
771943,1076,26.11,11,P,24,0,0,True
771944,5806,48.34,87,P,151,0,1,True
771949,4813,61.96,73,F,103,0,1,True
771950,3955,58.66,47,F,85,0,1,True
771951,12165,49.1,226,O,235,0,1,True
771952,5983,50.49,98,O,130,0,1,True
771953,11588,45.3,222,O,277,0,1,True
771954,10949,42.32,215,O,224,0,1,True
771955,14544,55.08,222,F,315,0,2,True
771956,28890,53.42,565,F,664,20,3,True
771957,9367,44.05,146,P,236,15,1,True
771959,4649,32.07,89,P,211,0,1,True
771960,10903,47.17,184,P,273,0,1,True
771961,10889,59.89,168,O,296,0,1,True
771962,16641,62.36,246,O,409,0,2,True
771964,11458,55.23,188,F,292,0,1,True
771965,7081,35.11,153,F,187,0,1,True
771966,710,48.01,40,O,25,0,0,True
771967,50156,49.62,1455,O,1233,17,3,True
771968,4407,45.14,62,P,100,0,1,True
771970,6509,34.27,137,P,175,12,1,True
771971,4256,47.96,173,P,158,0,-2,False
771972,2204,60.08,48,P,106,0,-1,False
771973,20163,47.25,578,P,629,0,3,True
771974,7684,37.5,174,F,202,11,1,True
771975,6370,46.49,106,P,150,0,1,True
771976,9327,49.4,176,F,309,0,1,True
771980,27257,56.85,394,F,485,18,2,True
771981,4931,47.5,276,F,279,13,0,True
771982,13146,43.1,262,P,352,0,2,True
771983,3326,57.31,79,F,77,4,1,True
771984,22548,45.12,414,F,347,0,1,True
771986,10613,41.82,222,P,297,8,1,True
771988,13959,54.66,197,F,310,0,2,True
771991,16277,53.3,380,O,368,12,3,True
771993,2311,42.95,20,F,68,0,-1,False
771994,5415,56.6,88,F,198,0,0,True
771995,7605,48.28,129,O,117,0,1,True
771996,3698,37.65,59,O,64,0,-1,False
771997,10357,55.59,197,F,324,15,1,True
771998,7482,53.45,119,O,178,0,1,True
771999,4206,63.34,123,F,174,0,1,True
772000,12649,57.23,247,F,343,0,2,True
772003,1902,56.92,29,F,37,0,1,True
772005,696,67.14,26,F,40,0,-1,False
772006,7975,51.91,123,F,202,0,1,True
772007,1692,53.14,46,O,54,0,1,True
772008,627,59.87,142,P,85,0,-1,False
772009,12293,48.91,281,F,325,0,2,True
772015,1475,26.92,45,F,80,24,-1,False
772016,6537,59.38,101,F,167,0,1,True
772017,853,79.67,17,P,80,0,-1,False
772018,2599,46.07,40,F,39,0,-1,False
772019,2432,53.57,40,O,48,0,-1,False
772020,116,145.52,2,O,10,0,-1,False
772023,2845,29.29,76,P,105,0,-1,False
772024,641,26.99,6,P,8,0,1,True
772028,12496,54.97,220,O,258,0,1,True
772030,9375,44.57,161,O,197,0,-1,False
772032,17092,69.92,257,O,380,0,2,True
772033,7087,53.24,154,O,205,0,1,True
772034,12611,55.44,211,O,290,0,1,True
772039,7678,52.37,88,O,183,0,1,True
772040,5798,53.3,100,O,182,0,1,True
772041,67862,37.27,1573,O,1268,66,3,True
772045,13025,46.58,201,F,245,0,2,True
772046,1055,96.86,15,P,68,5,0,True
772047,2618,30.72,43,P,60,0,-1,False
772048,48463,62.11,684,O,948,0,3,True
772049,11148,50.85,220,F,373,0,1,True
772050,6436,57.77,129,F,189,0,1,True
772051,12871,50.11,242,F,321,10,2,True
772052,3952,48.63,118,F,181,10,1,True
772053,49166,60.7,832,O,983,107,3,True
772054,3416,65.37,33,O,74,0,3,True
772059,2019,62.3,35,F,55,0,1,True
772060,1666,72.77,3,P,12,0,-1,False
772061,17904,55.07,289,F,401,0,2,True
772062,6586,55.75,79,P,124,0,1,True
772063,2152,33.23,22,P,20,0,-1,False
772064,6593,53.15,88,O,91,0,2,True
772065,1238,31.9,21,P,16,0,-1,False
772066,17756,47.63,466,F,439,0,2,True
772067,14520,52.77,251,O,331,0,2,True
772069,1558,35.01,102,F,72,15,-1,False
772070,2882,38.74,50,P,105,0,-1,False
772071,15634,57.04,212,O,325,0,2,True
772072,9716,50.77,155,O,215,0,1,True
772073,23109,58.77,490,O,577,32,3,True
772074,7967,43.31,127,O,203,10,2,True
772075,12667,46.04,246,F,268,0,1,True
772076,1053,40.74,5,P,6,0,-1,False
772078,16970,54.8,259,F,378,0,1,True
772079,16295,49.06,246,F,275,0,2,True
772080,13987,44.98,312,P,325,0,0,True
772081,577,35.73,23,P,47,10,1,True
772083,14338,56.36,207,F,356,0,2,True
772084,2824,49.84,46,F,105,10,-1,False
772085,8449,50.57,146,F,200,0,1,True
772087,2527,59.05,64,F,125,0,-1,False
772088,20888,45.86,374,F,421,0,2,True
772089,15048,50.48,220,F,316,0,1,True
772090,8465,43.49,120,F,163,0,1,True
772091,8004,51.94,108,F,181,0,1,True
772094,16452,52.1,215,F,316,0,2,True
772095,1645,64.43,47,F,70,15,-1,False
772096,8945,50.34,137,P,211,0,1,True
772097,3036,50.22,46,P,66,0,-1,False
772098,9337,44.12,160,F,223,0,2,True
772099,27176,46.62,605,F,546,12,2,True
772113,18867,60.34,342,O,386,0,2,True
772114,7407,38.87,198,P,145,5,3,True
772116,8671,31.54,114,F,130,0,1,True
772117,1971,49.53,44,P,95,10,-1,False
772118,3026,40.72,66,P,100,0,1,True
772119,7871,46.57,175,F,206,0,1,True
772120,4869,45.77,155,F,227,0,1,True
772121,31503,45.32,711,O,611,0,3,True
772122,6571,36.86,119,P,170,0,1,True
772124,8139,55.74,153,O,222,0,1,True
772125,18443,55.2,351,O,479,4,1,True
772127,8867,45.92,205,O,196,0,1,True
772128,10831,44.95,226,O,236,0,2,True
772129,1337,42.91,9,P,36,0,-1,False
772130,4082,37.8,39,F,70,0,0,True
772131,1880,46.14,121,P,93,0,0,True
772132,1078,57.71,261,F,142,0,-1,False
772133,9474,46.51,246,F,320,0,1,True
772134,2597,34.48,47,O,67,0,-1,False
772139,10494,51.05,175,O,208,0,1,True
772141,10617,44.98,272,F,317,0,1,True
772142,6402,50.57,105,P,136,2,1,True
772143,48177,49.2,979,O,872,27,3,True
772144,1109,44.35,13,O,31,0,-1,False
772145,35720,49.1,715,O,830,15,3,True
772147,7326,54.4,37,P,60,0,-1,False
772148,10914,51.95,227,O,306,0,2,True
772149,2178,48.69,49,O,122,0,-1,False
772150,2281,43.17,56,O,71,0,-1,False
772151,9184,51.26,155,F,261,0,1,True
772152,5433,44.34,103,O,140,0,1,True
772154,9935,40.21,132,O,195,0,3,True
772156,5108,59.84,75,F,137,0,1,True
772157,131,23.39,1,O,3,0,-1,False
772158,7351,138.62,47,O,112,0,1,True
772159,4501,35.4,43,F,90,0,-1,False
772160,4146,45.31,92,P,118,0,1,True
772161,576,57.82,29,F,46,2,-1,False
772165,5987,51.14,102,O,157,0,1,True
772166,10834,44.3,204,F,254,0,1,True
772167,3709,54.59,66,F,143,0,1,True
772169,3815,41.95,54,P,83,0,1,True
772170,9994,42.05,284,O,364,0,2,True
772171,15617,46.09,242,O,292,0,1,True
772173,5551,66.23,87,O,122,0,1,True
772174,17494,55.18,346,O,443,16,2,True
772176,23236,56.07,393,F,505,0,3,True
772177,7270,39.61,138,F,154,0,1,True
772178,2480,44.18,101,O,94,0,-1,False
772183,241,70.21,2,O,6,0,-1,False
772184,476,56.98,96,P,52,0,2,True
772185,225,0.0,0,O,7,0,-1,False
772187,17704,53.06,336,F,354,21,2,True
772188,27816,47.25,443,O,537,20,2,True
772189,2655,46.76,33,P,50,0,-1,False
772191,27568,41.56,496,F,514,5,2,True
772192,560,43.99,2,P,7,0,-1,False
772193,7353,61.93,111,F,249,0,1,True
772195,5364,40.29,115,P,150,0,1,True
772196,4686,45.9,129,O,165,0,1,True
772197,2055,53.59,235,P,129,0,1,True
772198,5908,52.07,99,O,143,20,1,True
772199,203,0.0,1,O,0,20,-1,False
772201,1707,62.34,27,O,44,3,1,True
772202,9510,39.88,141,F,158,0,1,True
772203,4115,48.9,140,O,110,0,1,True
772204,564,69.17,91,P,75,0,-1,False
772205,11024,56.18,179,F,288,20,2,True
772206,6210,54.05,89,F,156,0,1,True
772207,19081,49.9,462,P,412,0,2,True
772208,11551,53.58,250,O,266,0,0,True
772209,9108,63.07,182,F,245,0,1,True
772210,8652,46.96,127,O,240,0,1,True
772218,4413,52.76,71,O,126,16,1,True
772219,687,18.66,13,P,8,0,-1,False
772221,21397,50.26,439,O,465,15,3,True
772222,15406,52.32,234,F,329,0,1,True
772223,4027,45.61,70,P,85,0,-1,False
772224,2723,28.92,38,P,76,0,-1,False
772226,216,52.38,29,P,29,0,-1,False
772227,2270,56.27,113,P,138,0,-1,False
772228,2443,71.99,63,P,130,0,-1,False
772229,2778,76.25,66,P,174,0,-1,False
772231,8303,43.0,129,P,200,0,-1,False
772232,9033,54.48,104,P,182,0,1,True
772233,4892,49.06,96,P,155,0,1,True
772234,16041,61.28,252,F,358,0,2,True
772236,6505,53.23,78,F,110,0,1,True
772237,14258,49.24,235,F,310,0,2,True
772238,3941,53.78,72,O,167,0,1,True
772239,15902,52.46,239,O,327,2,2,True
772240,4782,41.82,70,P,155,8,0,True
772241,3178,38.96,193,O,123,2,1,True
772243,10173,49.33,129,P,231,0,1,True
772244,5170,43.58,56,P,124,4,1,True
772246,17174,55.91,284,F,320,35,1,True
772247,53336,54.82,1504,O,1229,79,3,True
772248,7330,57.22,165,O,215,0,0,True
772251,13780,56.79,208,F,279,0,2,True
772252,19418,46.38,311,F,372,14,2,True
772253,5108,51.03,106,F,156,0,1,True
772255,3497,50.65,64,F,100,0,1,True
772256,3682,50.9,102,F,164,15,1,True
772259,12861,51.83,251,F,294,0,2,True
772261,6832,67.6,104,F,150,0,1,True
772263,3312,51.96,36,O,55,0,1,True
772264,4692,36.37,76,P,89,0,1,True
772265,3069,46.93,56,P,76,0,-1,False
772266,10770,62.66,144,F,269,0,1,True
772267,3452,45.17,68,F,119,0,1,True
772268,800,32.1,5,P,18,0,-1,False
772269,7665,43.41,157,O,188,0,1,True
772270,2463,49.92,66,O,87,0,-1,False
772271,11041,56.61,183,O,207,0,1,True
772273,587,26.5,11,O,8,8,-1,False
772274,24306,53.31,505,O,489,26,3,True
772275,7983,55.53,160,P,180,0,1,True
772276,9380,58.34,136,P,171,0,1,True
772277,4784,48.23,105,F,162,0,1,True
772278,692,121.14,10,F,27,3,-1,False
772279,5200,48.26,75,P,98,10,1,True
772280,3494,64.79,58,F,107,0,0,True
772281,3392,95.68,30,P,132,0,-1,False
772283,36247,58.87,696,O,716,9,3,True
772288,1059,33.95,44,O,53,0,-1,False
772295,10517,60.19,172,F,278,0,1,True
772305,4392,37.55,90,O,62,10,1,True
772306,2210,34.41,46,O,49,4,3,True
772307,17290,57.49,253,O,396,0,3,True
772308,18251,49.03,321,F,423,0,2,True
772309,822,26.18,13,F,23,0,-1,False
772311,30080,51.52,684,F,583,27,2,True
772313,1624,41.92,29,P,57,0,-1,False
772314,22773,45.86,501,O,480,28,2,True
772315,4580,48.94,87,P,111,0,1,True
772322,14251,47.58,321,P,356,0,2,True
772327,2305,47.72,33,P,42,0,1,True
772328,7119,68.97,145,F,221,15,1,True
772329,6254,50.17,101,P,179,0,0,True
772330,1556,55.75,16,P,22,0,-1,False
772331,8471,50.81,145,F,180,17,1,True
772333,24926,51.2,456,F,502,6,3,True
772336,495,51.12,40,O,9,0,0,True
772337,1162,55.3,45,F,70,0,-1,False
772339,955,52.02,61,F,80,3,-1,False
772340,4784,59.77,77,O,138,0,1,True
772341,4948,66.46,62,O,130,0,1,True
772342,7090,52.2,98,P,172,0,1,True
772347,23122,59.11,260,F,448,0,1,True
772349,1386,46.18,23,O,51,0,-1,False
772350,489,66.19,60,P,61,0,-1,False
772351,6301,58.29,105,O,179,0,1,True
772352,13566,57.96,229,O,220,6,2,True
772356,32214,55.98,672,P,634,28,3,True
772358,17880,52.64,289,F,455,21,2,True
772359,18551,45.76,329,F,418,0,2,True
772361,10793,57.58,174,O,227,0,1,True
772363,29633,48.79,679,O,600,36,2,True
772364,2366,58.48,82,O,114,60,1,True
772365,32512,56.49,591,O,780,35,3,True
772366,784,55.06,57,F,62,0,-1,False
772367,2538,34.64,40,P,67,0,0,True
772368,18803,54.22,245,P,355,0,2,True
772369,755,42.05,130,P,137,0,-1,False
772372,27063,61.94,349,F,424,26,2,True
772373,174,49.03,60,F,30,0,-1,False
772374,547,52.92,80,F,68,0,-1,False
772375,2888,51.59,60,P,103,0,-1,False
772376,15319,52.18,343,O,353,40,1,True
772377,7080,40.91,60,P,82,0,1,True
772378,21572,46.12,381,O,445,42,3,True
772380,7842,50.21,61,P,143,16,-1,False
772383,18151,49.19,297,F,418,19,3,True
772384,26899,54.07,467,O,644,0,2,True
772386,10336,52.92,215,F,274,0,2,True
772387,14860,53.49,241,O,272,0,2,True
772389,47402,55.38,1008,O,1082,61,3,True
772390,575,60.47,39,F,56,0,-1,False
772392,15004,40.82,284,P,297,29,2,True
772393,16092,62.19,297,F,406,0,2,True
772394,2884,73.01,48,F,80,0,1,True
772395,8997,52.65,122,F,216,0,1,True
772396,12546,52.26,227,F,324,0,1,True
772397,3638,58.25,63,F,126,0,1,True
772400,12481,55.83,211,F,285,5,2,True
772401,2718,43.34,65,P,98,2,1,True
772402,7692,35.84,130,F,177,0,1,True
772403,5294,40.26,88,F,112,6,1,True
772404,2052,36.84,55,O,99,0,1,True
772412,6117,58.04,96,O,153,11,1,True
772413,2979,56.97,63,O,110,15,1,True
772414,21744,48.33,406,O,465,15,3,True
772415,6365,56.29,83,O,110,0,2,True
772416,9797,41.43,142,P,192,0,1,True
772417,5940,59.69,132,O,179,0,-1,False
772418,35600,50.47,343,F,380,0,2,True
772419,7807,52.88,166,F,248,10,1,True
772425,12100,48.94,208,F,268,0,1,True
772426,11084,48.66,155,F,159,0,1,True
772427,10142,93.39,145,F,197,0,1,True
772428,1465,50.35,25,P,50,0,-1,False
772430,12909,51.4,181,P,250,0,1,True
772431,10987,43.99,293,F,340,0,1,True
772432,49069,36.06,1577,O,1124,72,3,True
772433,7930,49.27,140,O,333,0,1,True
772434,29974,57.29,358,F,342,0,2,True
772435,5839,62.9,62,F,148,0,-1,False
772436,9408,52.94,148,O,200,0,1,True
772437,23009,60.07,350,F,518,0,3,True
772438,23456,48.25,318,F,401,51,1,True
772440,3299,39.94,51,F,84,0,-2,False
772441,10446,70.25,198,F,310,0,2,True
772442,9237,52.46,145,O,256,0,1,True
772443,6993,56.21,123,O,201,8,1,True
772444,1408,90.82,26,P,68,0,-1,False
772445,5083,40.2,103,F,124,0,1,True
772446,1465,36.42,15,P,24,0,-1,False
772448,8163,45.43,253,F,276,20,1,True
772449,384,40.02,13,F,29,0,-1,False
772451,10937,58.4,178,F,248,0,1,True
772452,9173,55.79,153,F,249,0,2,True
772453,8502,57.69,90,P,134,0,1,True
772454,6931,40.51,155,F,232,15,1,True
772456,129,0.0,1,F,0,16,-2,False
772457,976,28.45,12,O,19,0,1,True
772460,2831,51.98,31,O,59,0,-1,False
772461,7798,48.33,145,O,203,0,1,True
772462,10121,63.32,129,O,212,0,1,True
772463,987,55.16,21,F,38,0,-1,False
772465,11414,50.13,206,O,285,27,2,True
772466,20913,60.29,330,O,442,0,3,True
772467,2154,66.14,157,P,146,26,-1,False
772469,5917,47.55,158,O,184,0,1,True
772471,22416,45.49,408,O,440,0,3,True
772472,10118,59.3,186,F,311,15,1,True
772473,18064,62.8,333,F,459,0,3,True
772474,20678,50.09,454,F,519,22,2,True
772475,6996,50.13,110,F,170,0,1,True
772476,1081,74.34,41,F,80,0,-1,False
772477,13721,45.34,246,F,331,1,2,True
772478,7218,35.97,264,O,190,0,3,True
772479,17555,61.05,232,O,342,3,2,True
772480,1464,55.41,24,O,60,0,0,True
772482,10635,49.4,207,O,255,0,2,True
772483,3162,43.21,56,P,107,0,-2,False
772484,4138,50.57,397,P,287,2,1,True
772486,474,53.73,264,P,129,0,0,True
772487,5841,46.53,118,O,193,0,1,True
772488,11043,53.55,180,O,227,0,1,True
772489,8465,41.73,184,O,243,0,1,True
772490,6201,49.45,101,F,161,0,1,True
772495,599,57.73,92,P,68,0,-1,False
772496,3184,42.68,88,P,127,0,1,True
772497,1049,33.1,21,P,30,0,-1,False
772498,15655,60.49,279,P,381,0,2,True
772507,2866,60.71,42,O,82,0,1,True
772508,4814,49.26,72,O,116,0,1,True
772509,5026,33.33,101,O,97,0,1,True
772510,25329,44.51,513,O,578,20,3,True
772512,19930,50.18,316,F,493,8,2,True
772513,1840,54.97,108,F,130,20,-1,False
772514,864,51.95,27,P,54,4,-1,False
772516,7406,36.81,161,O,175,0,1,True
772518,712,42.37,8,O,20,0,-1,False
772520,3798,56.5,80,P,125,0,1,True
772527,581,58.85,128,O,87,0,-1,False
772528,4344,44.01,60,F,114,0,1,True
772529,5812,42.91,146,O,130,6,1,True
772530,15902,53.95,628,P,600,15,1,True
772531,8030,60.16,135,O,180,4,1,True
772533,27481,54.11,503,F,627,30,3,True
772534,16988,62.18,280,O,449,0,2,True
772539,12909,53.93,223,O,331,0,2,True
772540,7284,44.13,283,P,284,0,-1,False
772541,6158,68.85,114,F,120,1,2,True
772542,2741,38.61,76,O,110,0,1,True
772543,6335,49.06,109,O,164,0,1,True
772544,4430,49.22,92,O,103,0,1,True
772545,481,60.26,32,F,38,0,-1,False
772546,17575,47.41,260,O,347,0,2,True
772547,153,33.44,6,O,15,0,-1,False
772548,7797,46.98,125,O,185,6,1,True
772549,23198,48.91,468,O,441,8,3,True
772550,17699,52.25,317,O,342,0,2,True
772551,3675,36.19,96,O,59,4,1,True
772554,18159,54.33,278,F,342,0,1,True
772555,11792,48.8,237,F,261,0,1,True
772556,8715,33.48,151,P,182,16,0,True
772557,17185,76.11,214,F,379,5,0,True
772558,15787,51.61,279,O,304,0,2,True
772559,3245,56.21,79,P,61,0,1,True
772560,6174,36.46,137,F,231,0,-2,False
772561,15306,51.7,331,F,348,8,3,True
772563,36145,58.15,1012,O,796,89,3,True
772565,48684,59.04,984,O,1010,75,3,True
772570,805,61.19,10,P,32,0,-1,False
772571,3885,53.82,26,F,85,0,-1,False
772572,5113,60.75,68,F,112,0,1,True
772573,6287,31.86,73,P,117,0,1,True
772577,2128,47.03,97,O,100,0,1,True
772578,26911,54.06,469,O,543,0,3,True
772579,732,47.21,40,O,52,12,-1,False
772584,30750,52.45,608,P,645,6,3,True
772585,15974,50.52,269,O,388,0,3,True
772588,8398,44.87,209,P,205,20,1,True
772589,10280,53.39,218,F,361,8,-1,False
772590,3498,83.35,32,F,48,2,1,True
772591,12790,47.69,290,F,356,6,1,True
772592,1602,67.25,59,P,90,15,-1,False
772593,6304,45.18,76,P,158,0,1,True
772594,1658,31.38,23,P,70,0,0,True
772595,3971,45.32,43,P,84,0,-1,False
772596,9910,57.63,182,F,221,0,2,True
772597,16311,46.7,243,F,267,0,2,True
772598,7095,51.69,163,F,183,12,1,True
772602,562,73.08,95,P,60,0,-1,False
772603,8955,35.24,149,P,182,0,1,True
772604,4498,49.88,91,F,151,0,1,True
772605,8125,36.11,284,P,277,0,-2,False
772608,18123,45.17,352,P,372,0,2,True
772609,616,50.49,26,F,36,11,-1,False
772610,10475,45.58,171,F,243,0,1,True
772614,4337,33.36,128,P,110,0,1,True
772616,328,56.14,24,O,15,0,-1,False
772619,2432,51.67,45,P,92,0,1,True
772620,611,35.9,10,P,18,0,-2,False
772621,16416,42.62,334,F,416,0,2,True
772622,6771,58.11,96,O,177,0,1,True
772623,7241,48.38,112,O,178,0,1,True
772624,15439,48.68,298,P,317,0,2,True
772625,10478,61.87,257,P,279,20,1,True
772630,1067,49.14,57,O,70,12,0,True
772632,956,13.76,17,P,19,0,-1,False
772633,3192,41.2,19,P,91,0,-1,False
772643,9701,57.39,202,O,242,15,2,True
772644,5727,66.06,116,O,170,15,1,True
772645,1060,65.92,41,F,69,11,-1,False
772646,11152,53.12,139,P,202,0,1,True
772647,2465,54.35,43,F,73,0,-1,False
772651,14016,43.79,253,P,299,0,2,True
772652,6948,41.28,161,P,286,0,1,True
772654,17943,56.32,271,P,318,0,2,True
772657,13733,49.76,253,O,304,18,2,True
772659,12991,44.83,241,F,307,0,1,True
772660,17392,52.53,265,F,351,0,2,True
772661,8661,62.18,295,O,336,20,1,True
772662,10974,61.01,143,O,249,0,2,True
772663,12045,39.49,159,F,230,0,1,True
772664,7596,42.01,141,P,171,0,1,True
772665,29082,50.28,592,O,563,26,3,True
772671,23314,52.36,393,O,437,1,3,True
772672,1622,41.74,31,P,55,0,-1,False
772673,30083,41.87,690,F,524,16,3,True
772674,7533,35.35,163,F,160,0,1,True
772675,17779,50.59,289,O,405,0,2,True
772676,2916,40.22,72,O,110,0,-1,False
772677,2613,35.46,30,P,60,0,0,True
772678,5560,35.52,186,P,164,0,1,True
772680,11667,50.12,235,F,267,10,2,True
772681,22989,49.67,564,P,624,68,3,True
772682,6733,71.89,94,O,181,0,1,True
772684,13739,40.25,365,F,347,0,2,True
772685,5510,47.36,71,F,104,0,-1,False
772686,11177,44.8,252,P,381,0,1,True
772687,6755,54.16,151,F,233,0,1,True
772688,3872,47.97,63,P,103,0,1,True
772689,1997,55.67,39,P,58,0,-1,False
772690,4302,42.61,110,P,130,0,1,True
772691,35674,40.4,837,P,877,0,3,True
772692,6254,41.47,166,P,150,0,1,True
772695,4588,42.67,97,F,135,0,1,True
772696,15949,57.34,233,O,280,0,2,True
772698,9372,58.39,128,O,172,0,2,True
772701,688,74.48,160,P,135,0,-1,False
772702,5188,28.9,119,P,200,0,-1,False
772703,854,56.23,151,P,121,0,0,True
772704,7728,51.14,128,O,191,0,1,True
772705,10287,57.55,200,O,241,0,1,True
772706,15840,57.28,275,O,335,0,2,True
772709,1636,62.23,68,F,114,9,-1,False
772710,5083,52.44,93,F,137,10,1,True
772711,5539,83.44,62,F,163,0,1,True
772720,7889,53.9,98,P,150,0,1,True
772721,22320,58.99,447,O,558,5,2,True
772724,7814,55.93,149,F,275,0,2,True
772725,242,46.9,50,P,40,0,-1,False
772726,6704,46.23,146,F,197,0,1,True
772727,10904,75.89,145,F,243,0,2,True
772728,3324,52.55,59,O,101,0,1,True
772729,553,19.79,18,P,50,0,-1,False
772730,663,81.58,8,F,30,0,-1,False
772731,15813,59.83,260,O,328,0,2,True
772732,1663,58.42,25,P,84,0,-1,False
772733,24250,45.13,473,P,578,1,2,True
772735,26299,46.02,507,O,675,0,3,True
772736,11325,46.1,159,F,198,0,1,True
772737,19373,50.7,402,F,419,38,2,True
772740,13178,59.96,167,F,196,0,2,True
772741,9441,58.47,135,F,211,6,1,True
772743,4996,56.92,71,F,109,0,-1,False
772744,29680,51.8,627,F,709,0,2,True
772746,2580,41.35,69,F,148,0,-1,False
772747,5896,55.54,235,F,355,22,1,True
772748,4274,41.87,114,P,111,5,1,True
772749,8692,40.45,110,P,112,10,-1,False
772754,12389,51.68,244,F,354,27,2,True
772755,4062,46.94,65,F,95,0,0,True
772756,2421,48.89,46,F,65,0,-1,False
772760,31728,52.92,712,O,703,43,3,True
772766,16370,53.6,227,F,309,0,2,True
772767,8744,54.68,141,F,218,0,1,True
772768,8770,56.64,133,F,193,0,1,True
772772,10528,48.86,181,O,246,12,2,True
772773,1349,50.72,81,O,98,0,-1,False
772781,10562,52.06,157,F,226,0,1,True
772782,46194,52.11,900,P,966,18,3,True
772783,34545,43.81,799,O,857,24,3,True
772786,20453,42.43,421,O,347,7,3,True
772787,14165,46.5,210,O,261,21,1,True
772788,12321,50.33,239,F,334,16,2,True
772789,11629,50.48,190,F,265,0,2,True
772790,14669,75.71,223,F,337,24,2,True
772791,3197,39.84,56,O,80,0,0,True
772793,3666,46.51,70,O,83,0,1,True
772794,55087,50.66,1366,O,1200,45,3,True
772795,9655,48.06,186,F,237,0,1,True
772796,26654,52.0,546,F,720,0,3,True
772797,2447,55.13,21,F,58,0,-1,False
772798,7583,47.07,114,F,216,0,1,True
772799,7073,46.87,98,F,158,0,1,True
772800,8272,52.96,102,F,163,15,1,True
772801,34115,59.79,721,O,874,21,2,True
772802,2892,32.12,63,P,119,0,1,True
772803,10502,40.76,207,P,278,0,2,True
772804,12516,37.33,234,F,253,1,1,True
772805,9860,48.27,215,F,219,10,2,True
772806,5686,59.8,83,F,114,0,1,True
772807,316,36.35,12,P,24,0,1,True
772808,2619,67.74,106,O,106,0,1,True
772810,25628,55.2,547,O,712,28,2,True
772811,988,58.65,10,P,36,0,-1,False
772813,10989,46.7,228,O,248,0,2,True
772815,10166,55.47,143,O,212,0,1,True
772817,3145,32.67,52,P,108,0,1,True
772818,18182,66.04,217,F,328,0,2,True
772819,22463,67.83,444,O,506,0,3,True
772820,8552,50.3,129,O,181,0,1,True
772821,11181,47.17,173,O,267,0,1,True
772823,13979,46.6,276,O,272,0,1,True
772825,11547,39.03,201,F,141,13,3,True
772827,18939,43.66,444,O,437,9,1,True
772828,17152,42.9,368,O,301,36,1,True
772829,6051,64.03,99,O,176,0,1,True
772830,9681,57.23,163,O,296,0,1,True
772831,25226,65.97,435,O,640,8,2,True
772832,21599,57.94,399,F,497,0,3,True
772833,4020,58.3,37,P,85,0,-1,False
772834,21763,47.36,373,F,541,0,2,True
772835,11670,48.24,326,O,234,0,-1,False
772836,17294,52.64,313,F,402,20,1,True
772837,963,56.21,40,P,49,15,-1,False
772840,1895,30.46,31,O,45,0,1,True
772841,15863,46.45,269,O,328,18,1,True
772842,29434,47.96,636,O,725,28,3,True
772843,661,58.81,51,F,51,0,-1,False
772844,1830,52.1,102,F,138,16,-1,False
772845,14800,56.87,255,F,336,10,2,True
772846,21024,59.39,341,F,330,1,1,True
772847,5468,48.54,99,O,143,0,1,True
772848,5877,52.15,96,O,160,0,1,True
772849,29063,50.3,556,O,623,15,3,True
772851,14814,52.9,223,O,273,0,1,True
772852,1631,62.56,132,P,146,0,0,True
772855,707,62.6,106,P,108,0,0,True
772856,154,56.53,29,P,30,0,0,True
772858,46889,64.97,946,O,960,110,3,True
772859,30266,54.71,581,O,660,18,3,True
772860,8338,41.65,145,O,177,0,1,True
772861,1226,40.03,8,P,25,0,-1,False
772862,4568,49.46,27,P,56,0,-1,False
772863,7381,53.43,147,F,255,0,0,True
772864,9392,31.4,254,F,221,0,2,True
772865,175,92.97,21,P,40,0,-1,False
772866,4818,34.67,122,P,120,0,1,True
772867,3740,52.64,61,O,95,0,1,True
772869,5689,62.09,64,O,116,0,1,True
772870,1022,73.21,33,F,98,25,-1,False
772871,12968,55.62,196,F,314,0,2,True
772873,16523,43.35,369,F,385,0,2,True
772874,48179,48.12,1088,O,855,135,3,True
772875,2723,52.86,33,O,52,47,3,True
772876,12521,71.91,146,O,256,0,2,True
772877,3039,64.82,53,O,129,0,1,True
772880,10543,52.11,170,O,235,8,1,True
772882,12901,40.26,292,P,300,0,2,True
772883,3444,53.31,55,P,95,0,1,True
772884,28611,66.59,584,O,615,34,3,True
772886,3173,69.16,34,O,63,9,-1,False
772890,5060,56.39,86,O,180,2,1,True
772891,10001,40.69,197,P,229,0,1,True
772892,1175,18.91,34,O,47,0,-1,False
772893,29389,45.4,573,F,672,62,3,True
772894,2727,44.14,56,F,89,0,0,True
772895,3092,42.13,56,F,100,0,1,True
772897,9263,50.16,128,F,164,0,1,True
772898,126,22.75,10,F,6,0,-1,False
772899,802,315.39,22,P,70,0,1,True
772900,13426,50.78,188,F,322,0,1,True
772901,25064,46.51,619,P,566,18,3,True
772902,18944,56.36,254,O,367,1,1,True
772903,3908,40.93,94,O,138,0,-1,False
772905,10147,51.15,230,O,236,0,2,True
772910,464,43.17,13,P,30,0,-1,False
772911,13759,53.73,276,O,328,5,2,True
772912,21298,66.05,311,F,409,1,3,True
772913,11385,37.83,269,P,262,0,2,True
772914,12676,47.73,201,F,217,0,1,True
772915,18227,46.04,390,O,399,0,0,True
772916,46223,45.57,910,P,828,51,3,True
772917,6195,55.61,115,F,185,0,1,True
772918,51831,51.86,1191,O,1226,83,3,True
772923,1820,67.48,30,F,40,0,1,True
772924,15105,44.82,377,P,515,0,3,True
772932,18176,61.18,345,O,483,0,3,True
772936,15930,69.75,216,F,304,0,1,True
772937,3064,43.43,54,F,96,10,0,True
772938,2743,56.03,89,F,80,0,1,True
772939,5061,59.7,75,P,134,0,1,True
772940,4064,45.3,122,O,82,8,-1,False
772941,31922,50.81,530,O,554,8,2,True
772942,1006,46.89,31,O,46,0,-1,False
772949,7699,64.24,130,F,245,0,1,True
772950,12773,46.41,323,O,372,0,2,True
772951,16217,41.6,250,O,286,0,1,True
772952,783,50.78,29,O,46,0,-1,False
772953,12657,50.6,201,F,276,0,1,True
772954,592,61.23,86,P,75,0,-2,False
772955,20084,37.68,458,P,487,0,2,True
772956,8914,65.18,106,F,173,0,2,True
772957,13800,54.83,219,O,335,0,1,True
772961,4860,55.96,101,F,109,0,1,True
772962,1716,97.25,107,P,123,0,-1,False
772963,2301,51.72,50,P,48,0,1,True
772964,401,54.36,20,F,18,12,-1,False
772965,1942,68.77,91,F,122,0,-1,False
772966,81,49.67,33,P,15,0,-1,False
772967,1794,77.51,47,P,106,20,-1,False
772968,10481,70.53,129,P,215,1,2,True
772971,3511,59.06,56,F,86,0,1,True
772972,4566,46.17,75,F,180,25,-1,False
772973,2165,52.47,30,F,80,5,-1,False
772974,8769,46.05,217,F,194,1,1,True
772975,3524,39.94,48,P,97,0,-1,False
772977,15547,47.91,343,F,530,0,2,True
772978,15211,47.93,373,O,330,70,1,True
772982,52,3.9,7,P,12,0,-1,False
772983,10830,57.99,141,O,180,0,1,True
772984,4811,66.79,61,O,86,0,1,True
772986,4293,31.2,115,P,160,6,1,True
772987,16198,47.74,288,P,338,0,3,True
772988,30822,55.69,722,O,822,19,3,True
772989,5977,61.76,166,O,240,0,1,True
772990,5495,52.01,62,O,105,0,0,True
772991,2339,52.2,55,O,98,0,0,True
772992,7399,43.51,176,P,255,6,-1,False
772993,14313,39.89,227,P,286,0,1,True
772994,3025,26.17,69,P,95,0,-1,False
772995,37659,49.5,745,O,674,69,2,True
772996,1028,44.07,6,P,7,0,-1,False
772997,61223,51.93,1319,O,1361,36,3,True
772998,23321,52.52,344,O,474,0,3,True
772999,3720,42.89,79,O,100,0,1,True
773000,5065,53.27,77,O,127,0,1,True
773003,18832,68.69,368,P,514,20,3,True
773004,1331,42.44,106,P,100,20,-1,False
773005,779,45.26,11,P,28,0,1,True
773006,11062,55.98,142,P,197,0,2,True
773007,6070,56.3,136,P,151,15,1,True
773008,4571,59.11,69,O,100,0,1,True
773009,8425,55.38,118,O,180,0,1,True
773011,7456,48.85,121,P,160,15,2,True
773012,1668,141.14,13,P,63,0,-1,False
773014,4600,60.36,100,P,173,0,1,True
773017,18963,48.93,328,O,445,0,3,True
773026,12132,54.19,194,F,297,8,2,True
773027,9472,50.94,157,F,204,0,1,True
773028,32108,60.78,537,O,667,0,3,True
773030,4942,56.46,82,F,124,0,1,True
773031,11935,49.72,205,F,286,0,1,True
773032,8390,43.09,150,F,190,6,-1,False
773033,21477,47.21,305,F,382,0,2,True
773034,6510,51.56,119,O,154,0,1,True
773035,198,0.0,2,P,0,15,-1,False
773037,12418,42.31,267,P,284,0,1,True
773038,762,30.71,3,P,3,0,-1,False
773039,5975,43.75,132,F,164,0,1,True
773048,1069,38.87,33,P,46,0,-1,False
773050,9915,38.75,215,F,261,0,2,True
773051,27757,47.88,572,O,594,10,3,True
773052,2859,53.6,65,O,89,0,1,True
773058,12883,66.88,175,F,308,0,1,True
773060,7757,33.88,162,P,199,0,1,True
773062,6014,53.51,125,O,175,0,1,True
773063,2057,31.36,23,P,39,0,-1,False
773065,26093,57.44,357,F,444,0,2,True
773066,3871,44.93,108,P,128,0,1,True
773070,163,54.66,28,P,38,0,-1,False
773073,3996,64.58,62,O,117,0,1,True
773074,1664,49.11,29,P,62,8,-1,False
773075,20021,46.31,356,F,463,2,2,True
773076,6294,38.58,123,O,145,0,1,True
773077,4676,33.17,120,O,120,0,1,True
773078,9499,57.69,147,O,270,0,1,True
773081,11071,50.48,201,O,284,8,1,True
773082,9038,45.31,180,O,270,8,1,True
773084,32770,41.96,755,O,738,57,2,True
773085,6239,69.24,88,P,201,0,1,True
773086,865,49.49,17,P,21,0,-1,False
773087,41,0.0,1,O,2,0,-1,False
773088,34443,54.66,769,O,862,60,3,True
773091,3417,59.05,84,P,90,4,1,True
773093,588,12.6,6,P,8,0,-1,False
773094,15553,43.24,329,P,391,5,2,True
773095,6481,79.88,64,P,109,0,1,True
773096,8047,51.67,139,O,176,2,1,True
773097,1428,61.32,66,F,90,0,-1,False
773098,730,48.27,14,F,39,0,-1,False
773101,367,31.15,10,F,20,0,-1,False
773105,5727,50.34,158,F,161,0,0,True
773107,8831,58.0,134,O,142,0,1,True
773108,6214,42.59,83,O,75,10,-1,False
773109,8829,61.69,147,F,238,0,1,True
773111,11697,43.81,139,P,176,0,0,True
773115,11175,51.99,181,F,266,3,1,True
773116,11474,51.25,276,F,246,0,2,True
773119,2014,34.15,78,P,60,0,1,True
773125,16357,66.08,199,F,360,0,2,True
773126,10692,52.52,179,O,263,0,1,True
773129,2012,58.41,52,F,110,0,-1,False
773132,39765,52.38,829,P,915,15,3,True
773137,24438,58.02,369,O,356,0,3,True
773140,22659,48.04,379,F,513,32,2,True
773142,1314,45.46,27,P,45,0,-1,False
773152,7914,44.64,172,P,212,0,1,True
773153,3875,52.69,120,P,136,0,1,True
773154,3385,54.16,74,P,155,0,0,True
773155,9412,49.56,218,F,268,25,1,True
773158,6337,39.84,164,P,175,0,1,True
773162,4271,55.39,124,F,170,0,0,True
773163,1440,23.98,30,P,40,0,-1,False
773164,18608,56.4,321,F,434,0,1,True
773165,5546,59.84,170,F,144,0,-1,False
773166,4030,61.53,95,F,126,1,-1,False
773167,4517,57.06,130,F,188,25,-1,False
773168,13620,54.57,237,F,288,13,1,True
773169,19678,35.15,450,P,500,0,3,True
773170,19829,55.6,226,O,300,4,2,True
773171,1416,28.76,12,O,12,0,-1,False
773172,3956,55.66,64,O,100,0,1,True
773173,7881,53.19,126,O,168,0,1,True
773174,9065,41.81,212,P,236,14,2,True
773176,10019,59.42,176,F,237,15,1,True
773177,5226,53.05,80,P,172,5,1,True
773179,37869,53.75,720,O,758,37,3,True
773181,21490,42.32,376,O,352,13,1,True
773182,9521,45.05,182,O,187,0,1,True
773183,33502,54.82,761,O,610,35,3,True
773184,21059,51.51,348,O,354,41,1,True
773185,3690,48.51,145,O,134,0,-1,False
773186,20646,50.48,420,O,478,13,3,True
773187,15829,45.8,427,O,435,21,2,True
773194,2134,75.21,86,O,98,16,-1,False
773195,5535,54.85,110,O,109,0,1,True
773196,5743,35.9,116,F,171,0,-1,False
773197,10961,50.93,269,F,265,0,2,True
773198,7557,41.42,99,F,132,0,-1,False
773199,18449,44.85,334,F,424,0,2,True
773200,12548,62.24,190,F,247,0,1,True
773201,19935,63.61,351,P,499,26,3,True
773202,5773,58.71,105,P,165,3,1,True
773203,15864,48.27,305,O,407,4,2,True
773204,13789,52.97,192,F,293,0,1,True
773208,1971,41.11,35,O,45,5,1,True
773210,10256,49.29,231,F,320,0,1,True
773217,1874,49.74,18,O,27,0,-1,False
773218,7529,65.8,95,O,198,0,1,True
773220,801,54.49,13,F,40,0,-1,False
773221,16655,46.56,308,O,329,1,2,True
773222,1670,75.28,36,O,43,0,1,True
773225,8525,49.94,129,O,109,0,1,True
773227,12935,48.54,246,P,349,18,1,True
773228,1699,55.59,22,P,25,12,-1,False
773229,31588,54.28,514,P,607,0,3,True
773230,2794,49.53,43,O,72,0,1,True
773233,30682,70.51,439,F,712,29,3,True
773235,24658,52.86,552,O,655,0,3,True
773238,14195,62.79,479,O,449,0,2,True
773242,8650,48.11,114,F,199,0,1,True
773244,24614,58.28,376,O,595,20,3,True
773245,329,95.19,75,O,42,0,-1,False
773249,30792,47.69,633,O,701,20,3,True
773250,4302,61.64,60,O,100,0,1,True
773258,119,43.01,26,F,22,0,-1,False
773259,6728,47.39,302,O,284,0,2,True
773268,1180,48.66,63,P,44,0,1,True
773269,9765,43.39,158,P,210,0,2,True
773270,4162,37.29,104,P,145,0,1,True
773271,26636,66.43,457,F,578,12,3,True
773272,2796,113.74,61,F,71,0,1,True
773273,10200,46.94,129,O,135,0,1,True
773274,7812,40.25,150,O,155,0,0,True
773277,11156,47.45,181,F,261,0,1,True
773278,9048,47.7,138,F,235,0,1,True
773279,11446,54.9,188,F,262,0,1,True
773280,1413,33.08,44,F,85,0,-1,False
773281,4832,49.11,83,F,120,0,1,True
773287,19775,66.58,291,F,400,14,2,True
773289,11775,59.35,194,F,303,0,1,True
773290,8174,55.46,106,F,166,0,1,True
773291,5165,53.16,96,F,147,0,1,True
773298,18416,55.11,235,F,383,12,3,True
773299,2727,52.07,40,F,98,4,1,True
773300,5990,56.2,73,F,128,0,1,True
773301,1513,70.24,54,F,108,12,-1,False
773303,27005,55.06,473,F,628,1,3,True
773304,3524,23.27,36,F,47,0,0,True
773305,8266,58.36,101,P,193,0,2,True
773306,2558,27.7,77,O,80,0,1,True
773307,631,39.13,15,P,22,0,0,True
773308,2705,50.13,138,F,135,0,2,True
773309,12726,55.53,178,O,218,12,1,True
773310,7487,45.68,88,F,174,4,0,True
773313,2359,33.12,35,P,47,3,-1,False
773314,1297,35.2,42,P,50,0,0,True
773315,1551,49.47,25,O,51,0,-1,False
773318,14495,40.62,312,O,318,0,1,True
773321,6112,54.69,210,O,242,15,0,True
773322,217,91.16,15,P,20,0,-1,False
773323,9658,50.99,155,O,200,0,1,True
773325,16442,68.01,196,P,372,15,2,True
773326,32855,53.05,676,O,785,0,3,True
773332,1419,62.36,393,P,150,0,-1,False
773335,544,29.13,3,P,20,0,-1,False
773338,7394,51.9,118,P,165,0,1,True
773339,2457,55.6,33,P,65,0,-1,False
773340,6116,55.04,107,P,166,3,1,True
773341,9000,64.11,133,F,259,0,2,True
773342,11927,52.59,156,P,257,0,1,True
773343,5059,62.95,81,O,124,0,1,True
773344,9297,47.75,110,O,130,0,1,True
773345,1481,31.33,8,P,11,0,-1,False
773346,3757,54.56,85,O,133,0,1,True
773347,13714,53.64,221,O,350,0,2,True
773351,463,69.47,110,P,120,0,-1,False
773353,27,86.16,7,P,15,0,-1,False
773354,6484,49.65,98,O,163,0,1,True
773355,8170,53.95,116,O,177,0,1,True
773356,2144,55.5,67,O,90,0,-1,False
773357,26872,43.89,435,P,600,8,3,True
773358,252,40.96,43,P,25,0,-1,False
773361,15717,49.61,263,O,345,0,2,True
773362,1400,82.86,29,P,61,0,-1,False
773363,1040,79.39,143,P,132,0,-1,False
773364,6748,49.2,111,O,178,0,1,True
773367,184,38.74,49,O,38,0,-1,False
773368,1443,61.4,48,P,100,0,-1,False
773369,10029,38.48,190,P,205,0,1,True
773370,7052,40.12,146,F,145,0,0,True
773371,35542,48.85,671,O,635,29,3,True
773372,10973,42.67,197,O,212,8,2,True
773373,667,36.56,41,O,65,0,-1,False
773374,5157,48.17,88,P,138,0,1,True
773375,4934,38.29,76,P,104,0,1,True
773383,2878,72.42,114,F,137,25,0,True
773384,5946,45.43,109,F,174,0,1,True
773385,2115,53.64,47,F,110,0,-1,False
773386,3957,47.35,70,P,119,0,1,True
773387,3465,45.36,82,P,161,5,1,True
773388,6302,52.36,132,P,169,0,1,True
773389,6627,45.47,117,P,201,14,1,True
773391,15600,59.02,331,F,387,10,2,True
773401,152,19.49,9,O,25,0,-1,False
773403,27691,51.45,526,P,617,59,2,True
773405,17135,53.77,346,F,420,0,3,True
773407,10729,47.28,182,O,227,0,1,True
773410,46096,51.41,1189,O,1285,21,3,True
773411,45749,57.93,1126,P,1103,34,3,True
773413,255,41.31,17,P,24,0,0,True
773416,551,37.58,25,P,24,0,0,True
773417,1203,38.58,19,O,35,8,0,True
773418,5877,71.33,50,P,96,8,0,True
773419,16774,81.69,136,P,273,0,2,True
773425,2005,50.43,58,P,45,0,1,True
773426,640,30.85,8,P,15,0,-1,False
773427,1039,54.99,51,F,76,13,0,True
773430,25802,50.67,495,F,706,9,2,True
773431,8926,40.17,156,P,225,0,1,True
773434,1548,64.19,49,F,84,19,-1,False
773436,7433,81.32,101,O,213,0,1,True
773437,5715,59.15,84,F,195,0,1,True
773438,17448,49.76,277,O,309,0,2,True
773441,582,26.8,9,F,17,0,-1,False
773443,4484,51.65,50,F,100,0,-1,False
773444,59155,53.54,1467,O,1326,68,3,True
773445,3628,53.31,76,O,108,15,1,True
773446,24032,47.59,440,P,500,21,3,True
773447,50939,59.77,971,O,977,94,3,True
773448,49673,52.9,1129,O,989,81,3,True
773450,3500,57.72,51,P,181,0,1,True
773452,10105,68.32,58,P,194,0,-1,False
773453,2977,37.07,26,P,36,0,-1,False
773457,345,33.21,10,F,20,0,-1,False
773458,6460,64.56,83,O,130,0,1,True
773459,7597,69.63,78,O,148,0,1,True
773460,13901,56.66,227,O,336,12,3,True
773463,29260,44.39,676,P,654,51,3,True
773465,475,58.12,112,P,100,0,-1,False
773466,792,121.78,30,P,70,0,0,True
773467,2720,89.34,36,P,60,0,-1,False
773468,2849,38.88,64,F,101,0,1,True
773470,6196,50.09,96,O,153,0,1,True
773471,8589,44.5,141,P,203,0,1,True
773475,1001,39.4,8,P,11,0,-1,False
773476,5990,49.21,104,O,131,0,1,True
773477,147,38.4,38,P,35,0,-1,False
773479,16739,50.65,336,O,447,5,3,True
773480,4891,40.78,137,F,140,10,1,True
773481,3785,75.88,15,P,51,0,-1,False
773482,13587,41.09,186,F,174,2,1,True
773485,54,53.42,9,F,10,0,-1,False
773486,72,23.67,7,F,5,0,-1,False
773487,12843,51.1,206,F,266,8,1,True
773490,987,56.51,175,F,134,0,1,True
773491,53855,49.84,1566,O,1300,33,3,True
773492,5491,52.6,98,O,141,0,1,True
773493,1295,107.37,61,P,88,0,-1,False
773494,394,58.0,55,P,55,0,-1,False
773499,1546,89.18,93,P,80,0,-1,False
773500,10519,64.83,219,F,295,1,2,True
773504,2040,57.63,19,P,26,0,-1,False
773505,1598,59.71,13,P,28,0,-1,False
773506,6894,63.94,137,F,174,16,1,True
773508,1602,194.96,21,P,133,0,-1,False
773510,995,59.19,98,F,66,5,-1,False
773511,5325,52.1,85,F,115,0,1,True
773512,1157,38.72,45,F,27,0,1,True
773513,37808,45.5,990,O,753,54,3,True
773514,18581,55.52,356,O,441,29,3,True
773515,226,7.17,8,O,16,0,-1,False
773516,6899,59.69,177,O,231,0,2,True
773517,2112,39.8,20,F,40,0,-1,False
773518,22099,72.55,288,F,416,34,2,True
773519,10736,57.34,246,F,308,12,2,True
773520,10563,56.72,131,F,182,0,1,True
773521,2866,51.76,65,F,89,0,1,True
773522,2761,47.27,47,F,71,0,-1,False
773531,9921,40.97,231,P,238,0,2,True
773533,8833,41.6,204,O,134,6,1,True
773536,14849,62.0,161,O,272,0,0,True
773538,2195,39.19,38,P,67,0,-1,False
773540,761,39.0,34,P,56,0,-1,False
773541,962,80.55,14,P,49,0,-1,False
773542,12829,39.22,246,P,293,0,2,True
773543,14246,43.31,264,P,298,0,2,True
773544,9855,47.23,229,P,325,20,2,True
773547,6989,50.4,101,O,158,0,1,True
773548,4190,50.77,62,O,96,12,1,True
773549,800,27.72,14,P,22,0,-1,False
773550,2745,33.67,38,P,63,0,-1,False
773551,12995,52.7,208,F,413,0,1,True
773553,1054,45.72,27,P,63,0,-1,False
773554,351,54.34,104,P,64,0,-1,False
773555,2106,59.97,44,P,90,0,-1,False
773559,9881,61.13,154,P,225,0,1,True
773560,193,12.89,4,P,10,0,-1,False
773566,239,41.88,50,P,45,0,0,True
773567,1183,70.49,22,F,62,0,-1,False
773569,1895,57.83,88,F,67,3,-1,False
773573,4754,51.07,119,O,145,0,1,True
773574,38132,63.66,610,O,780,0,3,True
773575,1215,47.97,28,F,40,0,-1,False
773576,933,52.19,15,P,35,0,-1,False
773577,821,17.17,7,P,99,0,0,True
773578,2794,54.52,44,P,96,0,1,True
773582,6506,46.14,123,P,165,0,1,True
773583,6467,45.95,138,O,200,0,1,True
773584,5571,24.75,149,F,122,0,2,True
773585,444,173.17,23,F,10,0,2,True
773586,32662,55.58,641,O,798,28,2,True
773587,107,0.0,3,O,0,15,-2,False
773589,32382,52.71,827,O,790,43,3,True
773593,136,28.96,6,F,6,0,-1,False
773594,10228,39.68,201,O,248,0,2,True
773597,2441,59.48,48,O,51,4,-1,False
773598,5709,39.26,102,F,123,0,-1,False
773601,6301,38.84,140,P,172,0,2,True
773602,393,59.99,14,P,20,0,-1,False
773603,104,72.94,18,P,24,0,-1,False
773608,48362,49.42,1132,P,1141,42,3,True
773609,1399,39.88,31,F,69,0,-1,False
773610,1591,35.29,22,O,40,0,-1,False
773612,3913,45.08,72,O,100,0,1,True
773613,6453,50.89,78,O,120,0,1,True
773614,18168,42.56,363,O,390,4,3,True
773615,1977,48.74,47,F,65,0,-1,False
773616,4667,48.66,71,F,180,0,1,True
773617,16909,57.96,312,O,341,0,2,True
773618,7991,41.63,102,F,135,0,-1,False
773619,10301,69.28,123,O,255,0,1,True
773620,10042,60.6,114,O,172,8,1,True
773621,1515,53.8,47,O,62,0,-1,False
773622,716,42.22,9,O,10,0,1,True
773623,629,192.74,19,P,80,0,-1,False
773624,509,150.32,13,P,60,0,-1,False
773625,7443,58.72,114,O,192,0,1,True
773626,1477,47.44,65,O,100,15,-2,False
773628,3090,57.98,63,O,95,0,-1,False
773629,1735,51.28,63,P,108,0,-1,False
773630,1681,51.52,23,O,45,0,-1,False
773631,4972,49.06,23,P,52,0,-1,False
773632,5147,38.73,101,O,117,0,-1,False
773636,134,40.02,29,P,25,0,-1,False
773637,2905,54.95,72,P,90,36,-1,False
773638,2550,46.56,45,O,58,0,1,True
773639,102,110.4,37,P,20,0,-1,False
773640,150,58.51,23,P,25,0,-1,False
773641,25163,59.11,535,F,538,0,3,True
773642,70430,43.73,1300,O,1206,56,3,True
773645,671,50.65,16,O,30,0,-1,False
773646,8839,47.24,147,O,165,0,1,True
773649,423,27.22,10,O,20,0,-1,False
773650,11808,55.64,238,F,321,12,2,True
773652,176,68.27,23,P,25,0,-1,False
773653,186,48.82,26,P,17,0,-1,False
773655,984,38.6,44,P,55,0,-1,False
773656,2016,50.58,13,P,22,0,-1,False
773657,68215,45.71,1745,O,1444,99,3,True
773658,3271,44.25,41,O,48,10,-1,False
773659,42626,59.13,853,O,963,10,3,True
773660,14188,63.31,363,O,445,0,2,True
773663,1491,101.61,20,P,70,0,-1,False
773664,750,17.09,18,P,15,0,-1,False
773666,6179,38.65,132,O,107,2,-1,False
773667,32997,46.49,861,O,777,20,3,True
773668,14244,55.02,214,F,300,10,1,True
773670,11709,175.3,11,P,30,24,-1,False
773673,8200,39.13,120,P,204,0,-1,False
773674,6529,44.59,121,P,160,0,1,True
773675,70398,50.02,1703,O,1500,86,3,True
773680,13343,58.95,322,F,376,40,1,True
773685,29089,56.84,702,O,668,17,3,True
773686,58687,58.38,1546,O,1213,72,3,True
773690,36598,66.55,574,F,816,4,3,True
773692,197,67.2,13,F,8,0,-1,False
773693,13429,48.09,234,F,187,31,3,True
773694,7266,51.12,94,F,108,0,1,True
773702,2052,38.31,21,P,30,0,-1,False
773703,114,0.0,0,P,4,2,-1,False
773704,4542,36.44,39,F,40,0,-2,False
773706,1002,36.23,8,P,30,0,-1,False
773709,10304,50.34,185,F,349,0,1,True
773710,1966,164.09,17,P,68,0,-1,False
773712,22863,39.3,378,O,346,22,3,True
773713,26646,59.41,550,O,689,38,2,True
773714,1961,54.86,41,F,68,0,1,True
773716,245,18.92,4,P,3,0,-1,False
773719,2450,85.18,20,P,80,0,-1,False
773720,1605,65.51,17,P,15,0,-1,False
773721,2404,34.31,98,P,35,18,-1,False
773722,1999,31.3,13,P,15,0,-2,False
773723,247,55.1,14,O,20,0,-1,False
773724,1072,30.56,9,P,13,0,-1,False
773727,1784,28.48,17,P,16,0,-1,False
773728,790,27.0,5,P,5,0,-1,False
773732,184,0.0,0,P,0,1,-1,False
773735,960,23.35,11,P,32,0,-1,False
773737,425,59.26,18,P,40,0,-1,False
773738,8238,37.69,207,F,219,0,1,True
773741,514,75.51,60,P,60,0,-1,False
773742,242,14.97,9,O,10,0,-1,False
773744,2956,87.83,41,F,144,10,-1,False
773745,202,0.0,3,F,0,15,-1,False
773746,360,0.0,3,F,0,20,-1,False
773747,232,51.16,24,F,15,0,-1,False
773748,1253,76.66,44,P,65,5,-1,False
773749,809,59.85,25,O,17,0,3,True
773751,257,41.06,16,O,17,0,-1,False
773752,179,0.0,5,O,8,0,0,True
773753,3785,54.17,85,O,125,13,1,True
773773,162,28.52,19,F,20,0,3,True
773782,218,49.88,31,O,18,0,-1,False
773783,231,55.22,11,F,18,0,0,True
773787,2369,49.33,33,O,90,0,1,True
773802,462,62.81,18,F,31,0,0,True
773805,1053,0.0,3,P,0,60,-1,False
773815,664,15.39,8,P,34,0,-1,False
773823,119,0.0,1,F,0,9,-1,False
773824,1687,35.92,53,F,60,6,-1,False
773830,590,69.09,23,F,36,10,-1,False
773831,6,0.0,0,P,6,0,-1,False
773836,3806,46.0,75,P,100,0,-1,False
773855,16538,66.8,252,P,379,0,2,True
773862,407,19.62,11,O,12,0,1,True
773870,532,0.0,0,P,0,4,-1,False
